2018-11-02 15:28:25,"RT @majchrowski2018: Dzisiaj, o 19.00, ostatnie w tej kampanii spotkanie na facebooku z prezydentem Jackiem Majchrowskim i... goÅ›ciem specjâ€¦"
2018-11-02 09:03:05,"RT @majchrowski2018: Dzisiaj, o 19.00, ostatnie w tej kampanii spotkanie na facebooku z prezydentem Jackiem Majchrowskim i... goÅ›ciem specjâ€¦"
2018-11-02 08:41:15,"Dzisiaj, o 19.00, ostatnie w tej kampanii spotkanie na facebooku z prezydentem Jackiem Majchrowskim i... goÅ›ciem spâ€¦ https://t.co/Bqgtv3xUjt"
2018-11-02 07:58:01,RT @majchrowski2018: PamiÄ™tajmy - 4 listopada II tura wyborÃ³w samorzÄ…dowych! #WspÃ³lnieTworzymyPrzyszÅ‚oÅ›Ä‡Krakowa https://t.co/YvBPH9HgXZ
2018-11-01 22:30:36,RT @majchrowski2018: PamiÄ™tajmy - 4 listopada II tura wyborÃ³w samorzÄ…dowych! #WspÃ³lnieTworzymyPrzyszÅ‚oÅ›Ä‡Krakowa https://t.co/YvBPH9HgXZ
2018-11-01 21:42:07,RT @majchrowski2018: PamiÄ™tajmy - 4 listopada II tura wyborÃ³w samorzÄ…dowych! #WspÃ³lnieTworzymyPrzyszÅ‚oÅ›Ä‡Krakowa https://t.co/YvBPH9HgXZ
2018-11-01 20:00:31,RT @majchrowski2018: PamiÄ™tajmy - 4 listopada II tura wyborÃ³w samorzÄ…dowych! #WspÃ³lnieTworzymyPrzyszÅ‚oÅ›Ä‡Krakowa https://t.co/YvBPH9HgXZ
2018-11-01 19:51:55,RT @majchrowski2018: PamiÄ™tajmy - 4 listopada II tura wyborÃ³w samorzÄ…dowych! #WspÃ³lnieTworzymyPrzyszÅ‚oÅ›Ä‡Krakowa https://t.co/YvBPH9HgXZ
2018-11-01 19:12:04,RT @majchrowski2018: PamiÄ™tajmy - 4 listopada II tura wyborÃ³w samorzÄ…dowych! #WspÃ³lnieTworzymyPrzyszÅ‚oÅ›Ä‡Krakowa https://t.co/YvBPH9HgXZ
2018-11-01 18:52:41,RT @majchrowski2018: PamiÄ™tajmy - 4 listopada II tura wyborÃ³w samorzÄ…dowych! #WspÃ³lnieTworzymyPrzyszÅ‚oÅ›Ä‡Krakowa https://t.co/YvBPH9HgXZ
2018-11-01 18:18:26,RT @majchrowski2018: PamiÄ™tajmy - 4 listopada II tura wyborÃ³w samorzÄ…dowych! #WspÃ³lnieTworzymyPrzyszÅ‚oÅ›Ä‡Krakowa https://t.co/YvBPH9HgXZ
2018-11-01 18:05:43,RT @majchrowski2018: PamiÄ™tajmy - 4 listopada II tura wyborÃ³w samorzÄ…dowych! #WspÃ³lnieTworzymyPrzyszÅ‚oÅ›Ä‡Krakowa https://t.co/YvBPH9HgXZ
2018-11-01 17:47:11,RT @majchrowski2018: PamiÄ™tajmy - 4 listopada II tura wyborÃ³w samorzÄ…dowych! #WspÃ³lnieTworzymyPrzyszÅ‚oÅ›Ä‡Krakowa https://t.co/YvBPH9HgXZ
2018-11-01 16:16:19,RT @majchrowski2018: PamiÄ™tajmy - 4 listopada II tura wyborÃ³w samorzÄ…dowych! #WspÃ³lnieTworzymyPrzyszÅ‚oÅ›Ä‡Krakowa https://t.co/YvBPH9HgXZ
2018-11-01 16:09:24,RT @majchrowski2018: PamiÄ™tajmy - 4 listopada II tura wyborÃ³w samorzÄ…dowych! #WspÃ³lnieTworzymyPrzyszÅ‚oÅ›Ä‡Krakowa https://t.co/YvBPH9HgXZ
2018-11-01 15:48:46,RT @majchrowski2018: PamiÄ™tajmy - 4 listopada II tura wyborÃ³w samorzÄ…dowych! #WspÃ³lnieTworzymyPrzyszÅ‚oÅ›Ä‡Krakowa https://t.co/YvBPH9HgXZ
2018-11-01 15:46:32,RT @majchrowski2018: PamiÄ™tajmy - 4 listopada II tura wyborÃ³w samorzÄ…dowych! #WspÃ³lnieTworzymyPrzyszÅ‚oÅ›Ä‡Krakowa https://t.co/YvBPH9HgXZ
2018-11-01 15:40:20,RT @majchrowski2018: PamiÄ™tajmy - 4 listopada II tura wyborÃ³w samorzÄ…dowych! #WspÃ³lnieTworzymyPrzyszÅ‚oÅ›Ä‡Krakowa https://t.co/YvBPH9HgXZ
2018-11-01 15:29:23,RT @majchrowski2018: PamiÄ™tajmy - 4 listopada II tura wyborÃ³w samorzÄ…dowych! #WspÃ³lnieTworzymyPrzyszÅ‚oÅ›Ä‡Krakowa https://t.co/YvBPH9HgXZ
2018-11-01 15:17:51,RT @majchrowski2018: PamiÄ™tajmy - 4 listopada II tura wyborÃ³w samorzÄ…dowych! #WspÃ³lnieTworzymyPrzyszÅ‚oÅ›Ä‡Krakowa https://t.co/YvBPH9HgXZ
2018-11-01 15:01:14,RT @majchrowski2018: PamiÄ™tajmy - 4 listopada II tura wyborÃ³w samorzÄ…dowych! #WspÃ³lnieTworzymyPrzyszÅ‚oÅ›Ä‡Krakowa https://t.co/YvBPH9HgXZ
2018-11-01 14:31:17,RT @majchrowski2018: PamiÄ™tajmy - 4 listopada II tura wyborÃ³w samorzÄ…dowych! #WspÃ³lnieTworzymyPrzyszÅ‚oÅ›Ä‡Krakowa https://t.co/YvBPH9HgXZ
2018-11-01 14:25:46,RT @majchrowski2018: PamiÄ™tajmy - 4 listopada II tura wyborÃ³w samorzÄ…dowych! #WspÃ³lnieTworzymyPrzyszÅ‚oÅ›Ä‡Krakowa https://t.co/YvBPH9HgXZ
2018-11-01 14:18:15,RT @majchrowski2018: PamiÄ™tajmy - 4 listopada II tura wyborÃ³w samorzÄ…dowych! #WspÃ³lnieTworzymyPrzyszÅ‚oÅ›Ä‡Krakowa https://t.co/YvBPH9HgXZ
2018-11-01 13:17:34,RT @majchrowski2018: PamiÄ™tajmy - 4 listopada II tura wyborÃ³w samorzÄ…dowych! #WspÃ³lnieTworzymyPrzyszÅ‚oÅ›Ä‡Krakowa https://t.co/YvBPH9HgXZ
2018-11-01 12:30:39,RT @majchrowski2018: PamiÄ™tajmy - 4 listopada II tura wyborÃ³w samorzÄ…dowych! #WspÃ³lnieTworzymyPrzyszÅ‚oÅ›Ä‡Krakowa https://t.co/YvBPH9HgXZ
2018-11-01 12:28:54,RT @majchrowski2018: PamiÄ™tajmy - 4 listopada II tura wyborÃ³w samorzÄ…dowych! #WspÃ³lnieTworzymyPrzyszÅ‚oÅ›Ä‡Krakowa https://t.co/YvBPH9HgXZ
2018-11-01 12:24:10,RT @majchrowski2018: PamiÄ™tajmy - 4 listopada II tura wyborÃ³w samorzÄ…dowych! #WspÃ³lnieTworzymyPrzyszÅ‚oÅ›Ä‡Krakowa https://t.co/YvBPH9HgXZ
2018-11-01 12:16:50,RT @majchrowski2018: PamiÄ™tajmy - 4 listopada II tura wyborÃ³w samorzÄ…dowych! #WspÃ³lnieTworzymyPrzyszÅ‚oÅ›Ä‡Krakowa https://t.co/YvBPH9HgXZ
2018-11-01 12:06:02,RT @majchrowski2018: PamiÄ™tajmy - 4 listopada II tura wyborÃ³w samorzÄ…dowych! #WspÃ³lnieTworzymyPrzyszÅ‚oÅ›Ä‡Krakowa https://t.co/YvBPH9HgXZ
2018-11-01 10:39:41,RT @majchrowski2018: PamiÄ™tajmy - 4 listopada II tura wyborÃ³w samorzÄ…dowych! #WspÃ³lnieTworzymyPrzyszÅ‚oÅ›Ä‡Krakowa https://t.co/YvBPH9HgXZ
2018-11-01 10:33:55,RT @majchrowski2018: PamiÄ™tajmy - 4 listopada II tura wyborÃ³w samorzÄ…dowych! #WspÃ³lnieTworzymyPrzyszÅ‚oÅ›Ä‡Krakowa https://t.co/YvBPH9HgXZ
2018-11-01 10:20:32,RT @majchrowski2018: PamiÄ™tajmy - 4 listopada II tura wyborÃ³w samorzÄ…dowych! #WspÃ³lnieTworzymyPrzyszÅ‚oÅ›Ä‡Krakowa https://t.co/YvBPH9HgXZ
2018-11-01 10:10:39,RT @majchrowski2018: PamiÄ™tajmy - 4 listopada II tura wyborÃ³w samorzÄ…dowych! #WspÃ³lnieTworzymyPrzyszÅ‚oÅ›Ä‡Krakowa https://t.co/YvBPH9HgXZ
2018-11-01 09:54:02,RT @majchrowski2018: PamiÄ™tajmy - 4 listopada II tura wyborÃ³w samorzÄ…dowych! #WspÃ³lnieTworzymyPrzyszÅ‚oÅ›Ä‡Krakowa https://t.co/YvBPH9HgXZ
2018-11-01 09:44:27,RT @majchrowski2018: PamiÄ™tajmy - 4 listopada II tura wyborÃ³w samorzÄ…dowych! #WspÃ³lnieTworzymyPrzyszÅ‚oÅ›Ä‡Krakowa https://t.co/YvBPH9HgXZ
2018-11-01 09:36:16,RT @majchrowski2018: PamiÄ™tajmy - 4 listopada II tura wyborÃ³w samorzÄ…dowych! #WspÃ³lnieTworzymyPrzyszÅ‚oÅ›Ä‡Krakowa https://t.co/YvBPH9HgXZ
2018-11-01 09:35:40,RT @majchrowski2018: PamiÄ™tajmy - 4 listopada II tura wyborÃ³w samorzÄ…dowych! #WspÃ³lnieTworzymyPrzyszÅ‚oÅ›Ä‡Krakowa https://t.co/YvBPH9HgXZ
2018-11-01 09:32:06,RT @majchrowski2018: PamiÄ™tajmy - 4 listopada II tura wyborÃ³w samorzÄ…dowych! #WspÃ³lnieTworzymyPrzyszÅ‚oÅ›Ä‡Krakowa https://t.co/YvBPH9HgXZ
2018-11-01 09:28:48,RT @majchrowski2018: PamiÄ™tajmy - 4 listopada II tura wyborÃ³w samorzÄ…dowych! #WspÃ³lnieTworzymyPrzyszÅ‚oÅ›Ä‡Krakowa https://t.co/YvBPH9HgXZ
2018-11-01 09:25:30,RT @majchrowski2018: PamiÄ™tajmy - 4 listopada II tura wyborÃ³w samorzÄ…dowych! #WspÃ³lnieTworzymyPrzyszÅ‚oÅ›Ä‡Krakowa https://t.co/YvBPH9HgXZ
2018-11-01 09:22:17,RT @majchrowski2018: PamiÄ™tajmy - 4 listopada II tura wyborÃ³w samorzÄ…dowych! #WspÃ³lnieTworzymyPrzyszÅ‚oÅ›Ä‡Krakowa https://t.co/YvBPH9HgXZ
2018-11-01 09:20:10,RT @majchrowski2018: PamiÄ™tajmy - 4 listopada II tura wyborÃ³w samorzÄ…dowych! #WspÃ³lnieTworzymyPrzyszÅ‚oÅ›Ä‡Krakowa https://t.co/YvBPH9HgXZ
2018-11-01 09:09:41,RT @majchrowski2018: PamiÄ™tajmy - 4 listopada II tura wyborÃ³w samorzÄ…dowych! #WspÃ³lnieTworzymyPrzyszÅ‚oÅ›Ä‡Krakowa https://t.co/YvBPH9HgXZ
2018-11-01 09:09:38,RT @majchrowski2018: PamiÄ™tajmy - 4 listopada II tura wyborÃ³w samorzÄ…dowych! #WspÃ³lnieTworzymyPrzyszÅ‚oÅ›Ä‡Krakowa https://t.co/YvBPH9HgXZ
2018-11-01 08:59:09,RT @majchrowski2018: PamiÄ™tajmy - 4 listopada II tura wyborÃ³w samorzÄ…dowych! #WspÃ³lnieTworzymyPrzyszÅ‚oÅ›Ä‡Krakowa https://t.co/YvBPH9HgXZ
2018-11-01 08:40:47,RT @majchrowski2018: PamiÄ™tajmy - 4 listopada II tura wyborÃ³w samorzÄ…dowych! #WspÃ³lnieTworzymyPrzyszÅ‚oÅ›Ä‡Krakowa https://t.co/YvBPH9HgXZ
2018-11-01 07:50:19,RT @majchrowski2018: PamiÄ™tajmy - 4 listopada II tura wyborÃ³w samorzÄ…dowych! #WspÃ³lnieTworzymyPrzyszÅ‚oÅ›Ä‡Krakowa https://t.co/YvBPH9HgXZ
2018-11-01 07:33:40,RT @majchrowski2018: PamiÄ™tajmy - 4 listopada II tura wyborÃ³w samorzÄ…dowych! #WspÃ³lnieTworzymyPrzyszÅ‚oÅ›Ä‡Krakowa https://t.co/YvBPH9HgXZ
2018-11-01 07:32:22,RT @majchrowski2018: PamiÄ™tajmy - 4 listopada II tura wyborÃ³w samorzÄ…dowych! #WspÃ³lnieTworzymyPrzyszÅ‚oÅ›Ä‡Krakowa https://t.co/YvBPH9HgXZ
2018-11-01 06:37:48,RT @majchrowski2018: PamiÄ™tajmy - 4 listopada II tura wyborÃ³w samorzÄ…dowych! #WspÃ³lnieTworzymyPrzyszÅ‚oÅ›Ä‡Krakowa https://t.co/YvBPH9HgXZ
2018-11-01 06:34:51,RT @majchrowski2018: PamiÄ™tajmy - 4 listopada II tura wyborÃ³w samorzÄ…dowych! #WspÃ³lnieTworzymyPrzyszÅ‚oÅ›Ä‡Krakowa https://t.co/YvBPH9HgXZ
2018-11-01 06:19:36,RT @majchrowski2018: PamiÄ™tajmy - 4 listopada II tura wyborÃ³w samorzÄ…dowych! #WspÃ³lnieTworzymyPrzyszÅ‚oÅ›Ä‡Krakowa https://t.co/YvBPH9HgXZ
2018-11-01 06:17:57,RT @majchrowski2018: PamiÄ™tajmy - 4 listopada II tura wyborÃ³w samorzÄ…dowych! #WspÃ³lnieTworzymyPrzyszÅ‚oÅ›Ä‡Krakowa https://t.co/YvBPH9HgXZ
2018-11-01 05:06:55,RT @majchrowski2018: PamiÄ™tajmy - 4 listopada II tura wyborÃ³w samorzÄ…dowych! #WspÃ³lnieTworzymyPrzyszÅ‚oÅ›Ä‡Krakowa https://t.co/YvBPH9HgXZ
2018-11-01 01:26:35,RT @majchrowski2018: PamiÄ™tajmy - 4 listopada II tura wyborÃ³w samorzÄ…dowych! #WspÃ³lnieTworzymyPrzyszÅ‚oÅ›Ä‡Krakowa https://t.co/YvBPH9HgXZ
2018-11-01 01:24:00,RT @majchrowski2018: PamiÄ™tajmy - 4 listopada II tura wyborÃ³w samorzÄ…dowych! #WspÃ³lnieTworzymyPrzyszÅ‚oÅ›Ä‡Krakowa https://t.co/YvBPH9HgXZ
2018-11-01 01:21:36,RT @majchrowski2018: PamiÄ™tajmy - 4 listopada II tura wyborÃ³w samorzÄ…dowych! #WspÃ³lnieTworzymyPrzyszÅ‚oÅ›Ä‡Krakowa https://t.co/YvBPH9HgXZ
2018-10-31 22:02:53,RT @majchrowski2018: PamiÄ™tajmy - 4 listopada II tura wyborÃ³w samorzÄ…dowych! #WspÃ³lnieTworzymyPrzyszÅ‚oÅ›Ä‡Krakowa https://t.co/YvBPH9HgXZ
2018-10-31 21:42:02,RT @majchrowski2018: PamiÄ™tajmy - 4 listopada II tura wyborÃ³w samorzÄ…dowych! #WspÃ³lnieTworzymyPrzyszÅ‚oÅ›Ä‡Krakowa https://t.co/YvBPH9HgXZ
2018-10-31 21:23:15,RT @majchrowski2018: PamiÄ™tajmy - 4 listopada II tura wyborÃ³w samorzÄ…dowych! #WspÃ³lnieTworzymyPrzyszÅ‚oÅ›Ä‡Krakowa https://t.co/YvBPH9HgXZ
2018-10-31 21:20:20,RT @majchrowski2018: PamiÄ™tajmy - 4 listopada II tura wyborÃ³w samorzÄ…dowych! #WspÃ³lnieTworzymyPrzyszÅ‚oÅ›Ä‡Krakowa https://t.co/YvBPH9HgXZ
2018-10-31 19:12:40,RT @majchrowski2018: PamiÄ™tajmy - 4 listopada II tura wyborÃ³w samorzÄ…dowych! #WspÃ³lnieTworzymyPrzyszÅ‚oÅ›Ä‡Krakowa https://t.co/YvBPH9HgXZ
2018-10-31 19:10:18,RT @majchrowski2018: PamiÄ™tajmy - 4 listopada II tura wyborÃ³w samorzÄ…dowych! #WspÃ³lnieTworzymyPrzyszÅ‚oÅ›Ä‡Krakowa https://t.co/YvBPH9HgXZ
2018-10-31 19:00:27,RT @majchrowski2018: PamiÄ™tajmy - 4 listopada II tura wyborÃ³w samorzÄ…dowych! #WspÃ³lnieTworzymyPrzyszÅ‚oÅ›Ä‡Krakowa https://t.co/YvBPH9HgXZ
2018-10-31 15:43:49,RT @majchrowski2018: PamiÄ™tajmy - 4 listopada II tura wyborÃ³w samorzÄ…dowych! #WspÃ³lnieTworzymyPrzyszÅ‚oÅ›Ä‡Krakowa https://t.co/YvBPH9HgXZ
2018-10-31 15:28:35,PamiÄ™tajmy - 4 listopada II tura wyborÃ³w samorzÄ…dowych! #WspÃ³lnieTworzymyPrzyszÅ‚oÅ›Ä‡Krakowa https://t.co/YvBPH9HgXZ
2018-10-30 11:54:59,"RT @majchrowski2018: Nowe ulice, nowe parkingi: P+R i osiedlowe - to rÃ³wnieÅ¼ elementy programu wyborczego Jacka Majchrowskiego. 4 listopadaâ€¦"
2018-10-30 10:34:12,"RT @majchrowski2018: Nowe ulice, nowe parkingi: P+R i osiedlowe - to rÃ³wnieÅ¼ elementy programu wyborczego Jacka Majchrowskiego. 4 listopadaâ€¦"
2018-10-30 09:28:17,"RT @majchrowski2018: Nowe ulice, nowe parkingi: P+R i osiedlowe - to rÃ³wnieÅ¼ elementy programu wyborczego Jacka Majchrowskiego. 4 listopadaâ€¦"
2018-10-30 09:21:50,"Nowe ulice, nowe parkingi: P+R i osiedlowe - to rÃ³wnieÅ¼ elementy programu wyborczego Jacka Majchrowskiego. 4 listopâ€¦ https://t.co/mIRwNjmiCz"
2018-10-29 21:58:17,"RT @majchrowski2018: Jacka Majchrowskiego popierajÄ… byli prezydenci Krakowa: Krzysztof BachmiÅ„ski, JÃ³zef Lassota i Andrzej GoÅ‚aÅ›. 4 listopaâ€¦"
2018-10-29 21:23:40,RT @majchrowski2018: 4 listopada druga tura wyborÃ³w samorzÄ…dowych #WspÃ³lnieTworzymyPrzyszÅ‚oÅ›Ä‡Krakowa https://t.co/7lQoANgOZi
2018-10-29 21:18:25,"RT @majchrowski2018: Jacka Majchrowskiego popierajÄ… byli prezydenci Krakowa: Krzysztof BachmiÅ„ski, JÃ³zef Lassota i Andrzej GoÅ‚aÅ›. 4 listopaâ€¦"
2018-10-29 21:02:29,"RT @majchrowski2018: Jacka Majchrowskiego popierajÄ… byli prezydenci Krakowa: Krzysztof BachmiÅ„ski, JÃ³zef Lassota i Andrzej GoÅ‚aÅ›. 4 listopaâ€¦"
2018-10-29 21:02:19,RT @majchrowski2018: 4 listopada druga tura wyborÃ³w samorzÄ…dowych #WspÃ³lnieTworzymyPrzyszÅ‚oÅ›Ä‡Krakowa https://t.co/7lQoANgOZi
2018-10-29 16:20:26,"RT @majchrowski2018: Jacka Majchrowskiego popierajÄ… byli prezydenci Krakowa: Krzysztof BachmiÅ„ski, JÃ³zef Lassota i Andrzej GoÅ‚aÅ›. 4 listopaâ€¦"
2018-10-29 15:13:38,"RT @majchrowski2018: Jacka Majchrowskiego popierajÄ… byli prezydenci Krakowa: Krzysztof BachmiÅ„ski, JÃ³zef Lassota i Andrzej GoÅ‚aÅ›. 4 listopaâ€¦"
2018-10-29 13:46:46,"RT @majchrowski2018: Jacka Majchrowskiego popierajÄ… byli prezydenci Krakowa: Krzysztof BachmiÅ„ski, JÃ³zef Lassota i Andrzej GoÅ‚aÅ›. 4 listopaâ€¦"
2018-10-29 12:33:21,"RT @majchrowski2018: Jacka Majchrowskiego popierajÄ… byli prezydenci Krakowa: Krzysztof BachmiÅ„ski, JÃ³zef Lassota i Andrzej GoÅ‚aÅ›. 4 listopaâ€¦"
2018-10-29 12:19:05,"Jacka Majchrowskiego popierajÄ… byli prezydenci Krakowa: Krzysztof BachmiÅ„ski, JÃ³zef Lassota i Andrzej GoÅ‚aÅ›. 4 listâ€¦ https://t.co/zPRQpUO49Y"
2018-10-29 09:14:03,RT @majchrowski2018: 4 listopada druga tura wyborÃ³w samorzÄ…dowych #WspÃ³lnieTworzymyPrzyszÅ‚oÅ›Ä‡Krakowa https://t.co/7lQoANgOZi
2018-10-29 09:11:45,4 listopada druga tura wyborÃ³w samorzÄ…dowych #WspÃ³lnieTworzymyPrzyszÅ‚oÅ›Ä‡Krakowa https://t.co/7lQoANgOZi
2018-10-28 09:01:50,"RT @Ma_rysia_pa: 100-lecie odzyskania niepodlegÅ‚oÅ›ci #KrakÃ³w 100 zasadzonych drzewğŸ˜
#WspÃ³lnieTworzymyPrzyszÅ‚oÅ›Ä‡Krakowa @majchrowski2018 httâ€¦"
2018-10-27 21:55:31,"RT @Ma_rysia_pa: 100-lecie odzyskania niepodlegÅ‚oÅ›ci #KrakÃ³w 100 zasadzonych drzewğŸ˜
#WspÃ³lnieTworzymyPrzyszÅ‚oÅ›Ä‡Krakowa @majchrowski2018 httâ€¦"
2018-10-27 19:55:42,"RT @Ma_rysia_pa: 100-lecie odzyskania niepodlegÅ‚oÅ›ci #KrakÃ³w 100 zasadzonych drzewğŸ˜
#WspÃ³lnieTworzymyPrzyszÅ‚oÅ›Ä‡Krakowa @majchrowski2018 httâ€¦"
2018-10-27 18:16:38,"RT @Ma_rysia_pa: 100-lecie odzyskania niepodlegÅ‚oÅ›ci #KrakÃ³w 100 zasadzonych drzewğŸ˜
#WspÃ³lnieTworzymyPrzyszÅ‚oÅ›Ä‡Krakowa @majchrowski2018 httâ€¦"
2018-10-27 17:09:42,"RT @Ma_rysia_pa: 100-lecie odzyskania niepodlegÅ‚oÅ›ci #KrakÃ³w 100 zasadzonych drzewğŸ˜
#WspÃ³lnieTworzymyPrzyszÅ‚oÅ›Ä‡Krakowa @majchrowski2018 httâ€¦"
2018-10-27 17:05:48,"RT @Ma_rysia_pa: 100-lecie odzyskania niepodlegÅ‚oÅ›ci #KrakÃ³w 100 zasadzonych drzewğŸ˜
#WspÃ³lnieTworzymyPrzyszÅ‚oÅ›Ä‡Krakowa @majchrowski2018 httâ€¦"
2018-10-27 17:04:36,"RT @Ma_rysia_pa: 100-lecie odzyskania niepodlegÅ‚oÅ›ci #KrakÃ³w 100 zasadzonych drzewğŸ˜
#WspÃ³lnieTworzymyPrzyszÅ‚oÅ›Ä‡Krakowa @majchrowski2018 httâ€¦"
2018-10-27 17:04:35,"RT @Ma_rysia_pa: 100-lecie odzyskania niepodlegÅ‚oÅ›ci #KrakÃ³w 100 zasadzonych drzewğŸ˜
#WspÃ³lnieTworzymyPrzyszÅ‚oÅ›Ä‡Krakowa @majchrowski2018 httâ€¦"
2018-10-27 17:03:49,"RT @Ma_rysia_pa: 100-lecie odzyskania niepodlegÅ‚oÅ›ci #KrakÃ³w 100 zasadzonych drzewğŸ˜
#WspÃ³lnieTworzymyPrzyszÅ‚oÅ›Ä‡Krakowa @majchrowski2018 httâ€¦"
2018-10-27 17:03:05,"RT @Ma_rysia_pa: 100-lecie odzyskania niepodlegÅ‚oÅ›ci #KrakÃ³w 100 zasadzonych drzewğŸ˜
#WspÃ³lnieTworzymyPrzyszÅ‚oÅ›Ä‡Krakowa @majchrowski2018 httâ€¦"
2018-10-27 17:02:06,"100-lecie odzyskania niepodlegÅ‚oÅ›ci #KrakÃ³w 100 zasadzonych drzewğŸ˜
#WspÃ³lnieTworzymyPrzyszÅ‚oÅ›Ä‡Krakowaâ€¦ https://t.co/C2VZ0Ar3V6"
2018-10-27 16:58:37,@olejnik_lukasz1 @SowaMarek @SlawekNeumann @S_Potapowicz @adamSzlapka @BWisniakowski @ArkadiuszMyrchaâ€¦ https://t.co/OaiwcjhDsr
2018-10-26 12:14:22,"@ObserwatorXY MyÅ›lÄ™, Å¼e #KrakÃ³w idzie na II turÄ™ #idziemynawybory ğŸ˜Š Ja na pewno idÄ™ bo #WspÃ³lnieTworzymyPrzyszÅ‚oÅ›Ä‡Krakowa ğŸ‘ğŸ’ªğŸ‡µğŸ‡±ğŸ‡ªğŸ‡ºâœŒï¸"
2018-10-26 08:31:11,"RT @majchrowski2018: 4 listopada druga tura wyborÃ³w, nie zapomnijcie PaÅ„stwo! #WspÃ³lnieTworzymyPrzyszÅ‚oÅ›Ä‡Krakowa https://t.co/n1T5D7FBsw"
2018-10-26 08:02:58,"RT @majchrowski2018: 4 listopada druga tura wyborÃ³w, nie zapomnijcie PaÅ„stwo! #WspÃ³lnieTworzymyPrzyszÅ‚oÅ›Ä‡Krakowa https://t.co/n1T5D7FBsw"
2018-10-26 07:48:12,"4 listopada druga tura wyborÃ³w, nie zapomnijcie PaÅ„stwo! #WspÃ³lnieTworzymyPrzyszÅ‚oÅ›Ä‡Krakowa https://t.co/n1T5D7FBsw"
2018-10-25 20:21:43,@ObserwatorXY #WspÃ³lnieTworzymyPrzyszÅ‚oÅ›Ä‡Krakowa DziÄ™kujemy ğŸ˜Š Pozdrowienia dla Syna i dla Ciebie ğŸ’ª
2018-10-25 17:29:58,"RT @majchrowski2018: Zawsze uwaÅ¼aÅ‚em, Å¼e trzeba wspÃ³Å‚pracowaÄ‡ ze wszystkimi, niezaleÅ¼nie od barw politycznych. Radni sÄ… przecieÅ¼ przedstawiâ€¦"
2018-10-25 17:26:32,"Zawsze uwaÅ¼aÅ‚em, Å¼e trzeba wspÃ³Å‚pracowaÄ‡ ze wszystkimi, niezaleÅ¼nie od barw politycznych. Radni sÄ… przecieÅ¼ przedstâ€¦ https://t.co/OoG1eksiSG"
2018-10-25 17:17:40,RT @majchrowski2018: JuÅ¼ za kilkanaÅ›cie minut rozmowa na Å¼ywo z prezydentem Jackiem Majchrowskim. Zapraszamy na FB #WspÃ³lnieTworzymyPrzyszÅ‚â€¦
2018-10-25 17:10:32,RT @majchrowski2018: JuÅ¼ za kilkanaÅ›cie minut rozmowa na Å¼ywo z prezydentem Jackiem Majchrowskim. Zapraszamy na FB #WspÃ³lnieTworzymyPrzyszÅ‚â€¦
2018-10-25 16:47:27,JuÅ¼ za kilkanaÅ›cie minut rozmowa na Å¼ywo z prezydentem Jackiem Majchrowskim. Zapraszamy na FB #WspÃ³lnieTworzymyPrzyszÅ‚oÅ›Ä‡Krakowa
2018-10-25 15:56:09,"RT @majchrowski2018: Zapraszamy - kolejne pytania wpÅ‚ywajÄ… na maila, moÅ¼na teÅ¼ zadaÄ‡ je w komentarzach, lub na Å¼ywo, o 19.00. #WspÃ³lnieTworâ€¦"
2018-10-25 13:26:58,"RT @majchrowski2018: Zapraszamy - kolejne pytania wpÅ‚ywajÄ… na maila, moÅ¼na teÅ¼ zadaÄ‡ je w komentarzach, lub na Å¼ywo, o 19.00. #WspÃ³lnieTworâ€¦"
2018-10-25 12:34:40,"RT @majchrowski2018: Zapraszamy do rozmowy z prezydentem Jackiem Majchrowskim na fb, jutro, na godz. 19.00! #WspÃ³lnieTworzymyPrzyszÅ‚oÅ›Ä‡Krakâ€¦"
2018-10-25 08:09:06,"RT @majchrowski2018: Zapraszamy - kolejne pytania wpÅ‚ywajÄ… na maila, moÅ¼na teÅ¼ zadaÄ‡ je w komentarzach, lub na Å¼ywo, o 19.00. #WspÃ³lnieTworâ€¦"
2018-10-25 08:07:44,"RT @majchrowski2018: Zapraszamy - kolejne pytania wpÅ‚ywajÄ… na maila, moÅ¼na teÅ¼ zadaÄ‡ je w komentarzach, lub na Å¼ywo, o 19.00. #WspÃ³lnieTworâ€¦"
2018-10-25 07:31:50,"RT @majchrowski2018: Zapraszamy - kolejne pytania wpÅ‚ywajÄ… na maila, moÅ¼na teÅ¼ zadaÄ‡ je w komentarzach, lub na Å¼ywo, o 19.00. #WspÃ³lnieTworâ€¦"
2018-10-25 07:29:06,"RT @majchrowski2018: Zapraszamy - kolejne pytania wpÅ‚ywajÄ… na maila, moÅ¼na teÅ¼ zadaÄ‡ je w komentarzach, lub na Å¼ywo, o 19.00. #WspÃ³lnieTworâ€¦"
2018-10-25 07:24:42,"RT @majchrowski2018: Zapraszamy - kolejne pytania wpÅ‚ywajÄ… na maila, moÅ¼na teÅ¼ zadaÄ‡ je w komentarzach, lub na Å¼ywo, o 19.00. #WspÃ³lnieTworâ€¦"
2018-10-25 07:18:09,"Zapraszamy - kolejne pytania wpÅ‚ywajÄ… na maila, moÅ¼na teÅ¼ zadaÄ‡ je w komentarzach, lub na Å¼ywo, o 19.00.â€¦ https://t.co/5GJjD025Bx"
2018-10-25 07:09:44,"RT @majchrowski2018: Zapraszamy do rozmowy z prezydentem Jackiem Majchrowskim na fb, jutro, na godz. 19.00! #WspÃ³lnieTworzymyPrzyszÅ‚oÅ›Ä‡Krakâ€¦"
2018-10-25 07:07:11,"RT @majchrowski2018: Zapraszamy do rozmowy z prezydentem Jackiem Majchrowskim na fb, jutro, na godz. 19.00! #WspÃ³lnieTworzymyPrzyszÅ‚oÅ›Ä‡Krakâ€¦"
2018-11-05 09:35:57,"RT @majchrowski2018: Serdecznie dziÄ™kujÄ™ wszystkim mieszkaÅ„com Krakowa, ktÃ³rzy na mnie zagÅ‚osowali. DziÄ™kujÄ™ za zaufanie. #WspÃ³lnieTworzymyâ€¦"
2018-11-05 08:53:37,"RT @majchrowski2018: Serdecznie dziÄ™kujÄ™ wszystkim mieszkaÅ„com Krakowa, ktÃ³rzy na mnie zagÅ‚osowali. DziÄ™kujÄ™ za zaufanie. #WspÃ³lnieTworzymyâ€¦"
2018-11-05 07:39:03,"RT @majchrowski2018: Serdecznie dziÄ™kujÄ™ wszystkim mieszkaÅ„com Krakowa, ktÃ³rzy na mnie zagÅ‚osowali. DziÄ™kujÄ™ za zaufanie. #WspÃ³lnieTworzymyâ€¦"
2018-11-05 06:52:27,"RT @majchrowski2018: Serdecznie dziÄ™kujÄ™ wszystkim mieszkaÅ„com Krakowa, ktÃ³rzy na mnie zagÅ‚osowali. DziÄ™kujÄ™ za zaufanie. #WspÃ³lnieTworzymyâ€¦"
2018-11-05 06:19:56,"RT @majchrowski2018: Serdecznie dziÄ™kujÄ™ wszystkim mieszkaÅ„com Krakowa, ktÃ³rzy na mnie zagÅ‚osowali. DziÄ™kujÄ™ za zaufanie. #WspÃ³lnieTworzymyâ€¦"
2018-11-05 01:35:30,"RT @majchrowski2018: Serdecznie dziÄ™kujÄ™ wszystkim mieszkaÅ„com Krakowa, ktÃ³rzy na mnie zagÅ‚osowali. DziÄ™kujÄ™ za zaufanie. #WspÃ³lnieTworzymyâ€¦"
2018-11-05 00:27:56,"RT @majchrowski2018: Serdecznie dziÄ™kujÄ™ wszystkim mieszkaÅ„com Krakowa, ktÃ³rzy na mnie zagÅ‚osowali. DziÄ™kujÄ™ za zaufanie. #WspÃ³lnieTworzymyâ€¦"
2018-11-04 23:10:26,"RT @majchrowski2018: Serdecznie dziÄ™kujÄ™ wszystkim mieszkaÅ„com Krakowa, ktÃ³rzy na mnie zagÅ‚osowali. DziÄ™kujÄ™ za zaufanie. #WspÃ³lnieTworzymyâ€¦"
2018-11-04 23:02:23,"RT @majchrowski2018: Serdecznie dziÄ™kujÄ™ wszystkim mieszkaÅ„com Krakowa, ktÃ³rzy na mnie zagÅ‚osowali. DziÄ™kujÄ™ za zaufanie. #WspÃ³lnieTworzymyâ€¦"
2018-11-04 22:26:54,"RT @majchrowski2018: Serdecznie dziÄ™kujÄ™ wszystkim mieszkaÅ„com Krakowa, ktÃ³rzy na mnie zagÅ‚osowali. DziÄ™kujÄ™ za zaufanie. #WspÃ³lnieTworzymyâ€¦"
2018-11-04 22:18:54,"RT @majchrowski2018: Serdecznie dziÄ™kujÄ™ wszystkim mieszkaÅ„com Krakowa, ktÃ³rzy na mnie zagÅ‚osowali. DziÄ™kujÄ™ za zaufanie. #WspÃ³lnieTworzymyâ€¦"
2018-11-04 22:07:20,"RT @majchrowski2018: Serdecznie dziÄ™kujÄ™ wszystkim mieszkaÅ„com Krakowa, ktÃ³rzy na mnie zagÅ‚osowali. DziÄ™kujÄ™ za zaufanie. #WspÃ³lnieTworzymyâ€¦"
2018-11-04 21:59:36,"RT @majchrowski2018: Serdecznie dziÄ™kujÄ™ wszystkim mieszkaÅ„com Krakowa, ktÃ³rzy na mnie zagÅ‚osowali. DziÄ™kujÄ™ za zaufanie. #WspÃ³lnieTworzymyâ€¦"
2018-11-04 21:56:19,"RT @majchrowski2018: Serdecznie dziÄ™kujÄ™ wszystkim mieszkaÅ„com Krakowa, ktÃ³rzy na mnie zagÅ‚osowali. DziÄ™kujÄ™ za zaufanie. #WspÃ³lnieTworzymyâ€¦"
2018-11-04 21:33:48,"RT @majchrowski2018: Serdecznie dziÄ™kujÄ™ wszystkim mieszkaÅ„com Krakowa, ktÃ³rzy na mnie zagÅ‚osowali. DziÄ™kujÄ™ za zaufanie. #WspÃ³lnieTworzymyâ€¦"
2018-11-04 21:28:46,"RT @majchrowski2018: Serdecznie dziÄ™kujÄ™ wszystkim mieszkaÅ„com Krakowa, ktÃ³rzy na mnie zagÅ‚osowali. DziÄ™kujÄ™ za zaufanie. #WspÃ³lnieTworzymyâ€¦"
2018-11-04 21:22:47,"RT @majchrowski2018: Serdecznie dziÄ™kujÄ™ wszystkim mieszkaÅ„com Krakowa, ktÃ³rzy na mnie zagÅ‚osowali. DziÄ™kujÄ™ za zaufanie. #WspÃ³lnieTworzymyâ€¦"
2018-11-04 21:18:54,"RT @majchrowski2018: Serdecznie dziÄ™kujÄ™ wszystkim mieszkaÅ„com Krakowa, ktÃ³rzy na mnie zagÅ‚osowali. DziÄ™kujÄ™ za zaufanie. #WspÃ³lnieTworzymyâ€¦"
2018-11-04 21:16:37,"RT @majchrowski2018: Serdecznie dziÄ™kujÄ™ wszystkim mieszkaÅ„com Krakowa, ktÃ³rzy na mnie zagÅ‚osowali. DziÄ™kujÄ™ za zaufanie. #WspÃ³lnieTworzymyâ€¦"
2018-11-04 21:16:36,"RT @majchrowski2018: Serdecznie dziÄ™kujÄ™ wszystkim mieszkaÅ„com Krakowa, ktÃ³rzy na mnie zagÅ‚osowali. DziÄ™kujÄ™ za zaufanie. #WspÃ³lnieTworzymyâ€¦"
2018-11-04 21:10:03,"RT @majchrowski2018: Serdecznie dziÄ™kujÄ™ wszystkim mieszkaÅ„com Krakowa, ktÃ³rzy na mnie zagÅ‚osowali. DziÄ™kujÄ™ za zaufanie. #WspÃ³lnieTworzymyâ€¦"
2018-11-04 21:09:22,"Serdecznie dziÄ™kujÄ™ wszystkim mieszkaÅ„com Krakowa, ktÃ³rzy na mnie zagÅ‚osowali. DziÄ™kujÄ™ za zaufanie.â€¦ https://t.co/JF3wAKJiQv"
2018-11-04 20:06:52,@ObserwatorXY Bo #WspÃ³lnieTworzymyPrzyszÅ‚oÅ›Ä‡Krakowa dlatego #TAKdlaJacka ğŸ’ª KrakÃ³w pozdrawia âœŒï¸
2018-11-02 15:28:25,"RT @majchrowski2018: Dzisiaj, o 19.00, ostatnie w tej kampanii spotkanie na facebooku z prezydentem Jackiem Majchrowskim i... goÅ›ciem specjâ€¦"
2018-11-02 09:03:05,"RT @majchrowski2018: Dzisiaj, o 19.00, ostatnie w tej kampanii spotkanie na facebooku z prezydentem Jackiem Majchrowskim i... goÅ›ciem specjâ€¦"
2018-11-02 08:41:15,"Dzisiaj, o 19.00, ostatnie w tej kampanii spotkanie na facebooku z prezydentem Jackiem Majchrowskim i... goÅ›ciem spâ€¦ https://t.co/Bqgtv3xUjt"
2018-11-02 07:58:01,RT @majchrowski2018: PamiÄ™tajmy - 4 listopada II tura wyborÃ³w samorzÄ…dowych! #WspÃ³lnieTworzymyPrzyszÅ‚oÅ›Ä‡Krakowa https://t.co/YvBPH9HgXZ
2018-11-01 22:30:36,RT @majchrowski2018: PamiÄ™tajmy - 4 listopada II tura wyborÃ³w samorzÄ…dowych! #WspÃ³lnieTworzymyPrzyszÅ‚oÅ›Ä‡Krakowa https://t.co/YvBPH9HgXZ
2018-11-01 21:42:07,RT @majchrowski2018: PamiÄ™tajmy - 4 listopada II tura wyborÃ³w samorzÄ…dowych! #WspÃ³lnieTworzymyPrzyszÅ‚oÅ›Ä‡Krakowa https://t.co/YvBPH9HgXZ
2018-11-01 20:00:31,RT @majchrowski2018: PamiÄ™tajmy - 4 listopada II tura wyborÃ³w samorzÄ…dowych! #WspÃ³lnieTworzymyPrzyszÅ‚oÅ›Ä‡Krakowa https://t.co/YvBPH9HgXZ
2018-11-01 19:51:55,RT @majchrowski2018: PamiÄ™tajmy - 4 listopada II tura wyborÃ³w samorzÄ…dowych! #WspÃ³lnieTworzymyPrzyszÅ‚oÅ›Ä‡Krakowa https://t.co/YvBPH9HgXZ
2018-11-01 19:12:04,RT @majchrowski2018: PamiÄ™tajmy - 4 listopada II tura wyborÃ³w samorzÄ…dowych! #WspÃ³lnieTworzymyPrzyszÅ‚oÅ›Ä‡Krakowa https://t.co/YvBPH9HgXZ
2018-11-01 18:52:41,RT @majchrowski2018: PamiÄ™tajmy - 4 listopada II tura wyborÃ³w samorzÄ…dowych! #WspÃ³lnieTworzymyPrzyszÅ‚oÅ›Ä‡Krakowa https://t.co/YvBPH9HgXZ
2018-11-01 18:18:26,RT @majchrowski2018: PamiÄ™tajmy - 4 listopada II tura wyborÃ³w samorzÄ…dowych! #WspÃ³lnieTworzymyPrzyszÅ‚oÅ›Ä‡Krakowa https://t.co/YvBPH9HgXZ
2018-11-01 18:05:43,RT @majchrowski2018: PamiÄ™tajmy - 4 listopada II tura wyborÃ³w samorzÄ…dowych! #WspÃ³lnieTworzymyPrzyszÅ‚oÅ›Ä‡Krakowa https://t.co/YvBPH9HgXZ
2018-11-01 17:47:11,RT @majchrowski2018: PamiÄ™tajmy - 4 listopada II tura wyborÃ³w samorzÄ…dowych! #WspÃ³lnieTworzymyPrzyszÅ‚oÅ›Ä‡Krakowa https://t.co/YvBPH9HgXZ
2018-11-01 16:16:19,RT @majchrowski2018: PamiÄ™tajmy - 4 listopada II tura wyborÃ³w samorzÄ…dowych! #WspÃ³lnieTworzymyPrzyszÅ‚oÅ›Ä‡Krakowa https://t.co/YvBPH9HgXZ
2018-11-01 16:09:24,RT @majchrowski2018: PamiÄ™tajmy - 4 listopada II tura wyborÃ³w samorzÄ…dowych! #WspÃ³lnieTworzymyPrzyszÅ‚oÅ›Ä‡Krakowa https://t.co/YvBPH9HgXZ
2018-11-01 15:48:46,RT @majchrowski2018: PamiÄ™tajmy - 4 listopada II tura wyborÃ³w samorzÄ…dowych! #WspÃ³lnieTworzymyPrzyszÅ‚oÅ›Ä‡Krakowa https://t.co/YvBPH9HgXZ
2018-11-01 15:46:32,RT @majchrowski2018: PamiÄ™tajmy - 4 listopada II tura wyborÃ³w samorzÄ…dowych! #WspÃ³lnieTworzymyPrzyszÅ‚oÅ›Ä‡Krakowa https://t.co/YvBPH9HgXZ
2018-11-01 15:40:20,RT @majchrowski2018: PamiÄ™tajmy - 4 listopada II tura wyborÃ³w samorzÄ…dowych! #WspÃ³lnieTworzymyPrzyszÅ‚oÅ›Ä‡Krakowa https://t.co/YvBPH9HgXZ
2018-11-01 15:29:23,RT @majchrowski2018: PamiÄ™tajmy - 4 listopada II tura wyborÃ³w samorzÄ…dowych! #WspÃ³lnieTworzymyPrzyszÅ‚oÅ›Ä‡Krakowa https://t.co/YvBPH9HgXZ
2018-11-01 15:17:51,RT @majchrowski2018: PamiÄ™tajmy - 4 listopada II tura wyborÃ³w samorzÄ…dowych! #WspÃ³lnieTworzymyPrzyszÅ‚oÅ›Ä‡Krakowa https://t.co/YvBPH9HgXZ
2018-11-01 15:01:14,RT @majchrowski2018: PamiÄ™tajmy - 4 listopada II tura wyborÃ³w samorzÄ…dowych! #WspÃ³lnieTworzymyPrzyszÅ‚oÅ›Ä‡Krakowa https://t.co/YvBPH9HgXZ
2018-11-01 14:31:17,RT @majchrowski2018: PamiÄ™tajmy - 4 listopada II tura wyborÃ³w samorzÄ…dowych! #WspÃ³lnieTworzymyPrzyszÅ‚oÅ›Ä‡Krakowa https://t.co/YvBPH9HgXZ
2018-11-01 14:25:46,RT @majchrowski2018: PamiÄ™tajmy - 4 listopada II tura wyborÃ³w samorzÄ…dowych! #WspÃ³lnieTworzymyPrzyszÅ‚oÅ›Ä‡Krakowa https://t.co/YvBPH9HgXZ
2018-11-01 14:18:15,RT @majchrowski2018: PamiÄ™tajmy - 4 listopada II tura wyborÃ³w samorzÄ…dowych! #WspÃ³lnieTworzymyPrzyszÅ‚oÅ›Ä‡Krakowa https://t.co/YvBPH9HgXZ
2018-11-01 13:17:34,RT @majchrowski2018: PamiÄ™tajmy - 4 listopada II tura wyborÃ³w samorzÄ…dowych! #WspÃ³lnieTworzymyPrzyszÅ‚oÅ›Ä‡Krakowa https://t.co/YvBPH9HgXZ
2018-11-01 12:30:39,RT @majchrowski2018: PamiÄ™tajmy - 4 listopada II tura wyborÃ³w samorzÄ…dowych! #WspÃ³lnieTworzymyPrzyszÅ‚oÅ›Ä‡Krakowa https://t.co/YvBPH9HgXZ
2018-11-01 12:28:54,RT @majchrowski2018: PamiÄ™tajmy - 4 listopada II tura wyborÃ³w samorzÄ…dowych! #WspÃ³lnieTworzymyPrzyszÅ‚oÅ›Ä‡Krakowa https://t.co/YvBPH9HgXZ
2018-11-01 12:24:10,RT @majchrowski2018: PamiÄ™tajmy - 4 listopada II tura wyborÃ³w samorzÄ…dowych! #WspÃ³lnieTworzymyPrzyszÅ‚oÅ›Ä‡Krakowa https://t.co/YvBPH9HgXZ
2018-11-01 12:16:50,RT @majchrowski2018: PamiÄ™tajmy - 4 listopada II tura wyborÃ³w samorzÄ…dowych! #WspÃ³lnieTworzymyPrzyszÅ‚oÅ›Ä‡Krakowa https://t.co/YvBPH9HgXZ
2018-11-01 12:06:02,RT @majchrowski2018: PamiÄ™tajmy - 4 listopada II tura wyborÃ³w samorzÄ…dowych! #WspÃ³lnieTworzymyPrzyszÅ‚oÅ›Ä‡Krakowa https://t.co/YvBPH9HgXZ
2018-11-01 10:39:41,RT @majchrowski2018: PamiÄ™tajmy - 4 listopada II tura wyborÃ³w samorzÄ…dowych! #WspÃ³lnieTworzymyPrzyszÅ‚oÅ›Ä‡Krakowa https://t.co/YvBPH9HgXZ
2018-11-01 10:33:55,RT @majchrowski2018: PamiÄ™tajmy - 4 listopada II tura wyborÃ³w samorzÄ…dowych! #WspÃ³lnieTworzymyPrzyszÅ‚oÅ›Ä‡Krakowa https://t.co/YvBPH9HgXZ
2018-11-01 10:20:32,RT @majchrowski2018: PamiÄ™tajmy - 4 listopada II tura wyborÃ³w samorzÄ…dowych! #WspÃ³lnieTworzymyPrzyszÅ‚oÅ›Ä‡Krakowa https://t.co/YvBPH9HgXZ
2018-11-01 10:10:39,RT @majchrowski2018: PamiÄ™tajmy - 4 listopada II tura wyborÃ³w samorzÄ…dowych! #WspÃ³lnieTworzymyPrzyszÅ‚oÅ›Ä‡Krakowa https://t.co/YvBPH9HgXZ
2018-11-01 09:54:02,RT @majchrowski2018: PamiÄ™tajmy - 4 listopada II tura wyborÃ³w samorzÄ…dowych! #WspÃ³lnieTworzymyPrzyszÅ‚oÅ›Ä‡Krakowa https://t.co/YvBPH9HgXZ
2018-11-01 09:44:27,RT @majchrowski2018: PamiÄ™tajmy - 4 listopada II tura wyborÃ³w samorzÄ…dowych! #WspÃ³lnieTworzymyPrzyszÅ‚oÅ›Ä‡Krakowa https://t.co/YvBPH9HgXZ
2018-11-01 09:36:16,RT @majchrowski2018: PamiÄ™tajmy - 4 listopada II tura wyborÃ³w samorzÄ…dowych! #WspÃ³lnieTworzymyPrzyszÅ‚oÅ›Ä‡Krakowa https://t.co/YvBPH9HgXZ
2018-11-01 09:35:40,RT @majchrowski2018: PamiÄ™tajmy - 4 listopada II tura wyborÃ³w samorzÄ…dowych! #WspÃ³lnieTworzymyPrzyszÅ‚oÅ›Ä‡Krakowa https://t.co/YvBPH9HgXZ
2018-11-01 09:32:06,RT @majchrowski2018: PamiÄ™tajmy - 4 listopada II tura wyborÃ³w samorzÄ…dowych! #WspÃ³lnieTworzymyPrzyszÅ‚oÅ›Ä‡Krakowa https://t.co/YvBPH9HgXZ
2018-11-01 09:28:48,RT @majchrowski2018: PamiÄ™tajmy - 4 listopada II tura wyborÃ³w samorzÄ…dowych! #WspÃ³lnieTworzymyPrzyszÅ‚oÅ›Ä‡Krakowa https://t.co/YvBPH9HgXZ
2018-11-01 09:25:30,RT @majchrowski2018: PamiÄ™tajmy - 4 listopada II tura wyborÃ³w samorzÄ…dowych! #WspÃ³lnieTworzymyPrzyszÅ‚oÅ›Ä‡Krakowa https://t.co/YvBPH9HgXZ
2018-11-01 09:22:17,RT @majchrowski2018: PamiÄ™tajmy - 4 listopada II tura wyborÃ³w samorzÄ…dowych! #WspÃ³lnieTworzymyPrzyszÅ‚oÅ›Ä‡Krakowa https://t.co/YvBPH9HgXZ
2018-11-01 09:20:10,RT @majchrowski2018: PamiÄ™tajmy - 4 listopada II tura wyborÃ³w samorzÄ…dowych! #WspÃ³lnieTworzymyPrzyszÅ‚oÅ›Ä‡Krakowa https://t.co/YvBPH9HgXZ
2018-11-01 09:09:41,RT @majchrowski2018: PamiÄ™tajmy - 4 listopada II tura wyborÃ³w samorzÄ…dowych! #WspÃ³lnieTworzymyPrzyszÅ‚oÅ›Ä‡Krakowa https://t.co/YvBPH9HgXZ
2018-11-01 09:09:38,RT @majchrowski2018: PamiÄ™tajmy - 4 listopada II tura wyborÃ³w samorzÄ…dowych! #WspÃ³lnieTworzymyPrzyszÅ‚oÅ›Ä‡Krakowa https://t.co/YvBPH9HgXZ
2018-11-01 08:59:09,RT @majchrowski2018: PamiÄ™tajmy - 4 listopada II tura wyborÃ³w samorzÄ…dowych! #WspÃ³lnieTworzymyPrzyszÅ‚oÅ›Ä‡Krakowa https://t.co/YvBPH9HgXZ
2018-11-01 08:40:47,RT @majchrowski2018: PamiÄ™tajmy - 4 listopada II tura wyborÃ³w samorzÄ…dowych! #WspÃ³lnieTworzymyPrzyszÅ‚oÅ›Ä‡Krakowa https://t.co/YvBPH9HgXZ
2018-11-01 07:50:19,RT @majchrowski2018: PamiÄ™tajmy - 4 listopada II tura wyborÃ³w samorzÄ…dowych! #WspÃ³lnieTworzymyPrzyszÅ‚oÅ›Ä‡Krakowa https://t.co/YvBPH9HgXZ
2018-11-01 07:33:40,RT @majchrowski2018: PamiÄ™tajmy - 4 listopada II tura wyborÃ³w samorzÄ…dowych! #WspÃ³lnieTworzymyPrzyszÅ‚oÅ›Ä‡Krakowa https://t.co/YvBPH9HgXZ
2018-11-01 07:32:22,RT @majchrowski2018: PamiÄ™tajmy - 4 listopada II tura wyborÃ³w samorzÄ…dowych! #WspÃ³lnieTworzymyPrzyszÅ‚oÅ›Ä‡Krakowa https://t.co/YvBPH9HgXZ
2018-11-01 06:37:48,RT @majchrowski2018: PamiÄ™tajmy - 4 listopada II tura wyborÃ³w samorzÄ…dowych! #WspÃ³lnieTworzymyPrzyszÅ‚oÅ›Ä‡Krakowa https://t.co/YvBPH9HgXZ
2018-11-01 06:34:51,RT @majchrowski2018: PamiÄ™tajmy - 4 listopada II tura wyborÃ³w samorzÄ…dowych! #WspÃ³lnieTworzymyPrzyszÅ‚oÅ›Ä‡Krakowa https://t.co/YvBPH9HgXZ
2018-11-01 06:19:36,RT @majchrowski2018: PamiÄ™tajmy - 4 listopada II tura wyborÃ³w samorzÄ…dowych! #WspÃ³lnieTworzymyPrzyszÅ‚oÅ›Ä‡Krakowa https://t.co/YvBPH9HgXZ
2018-11-01 06:17:57,RT @majchrowski2018: PamiÄ™tajmy - 4 listopada II tura wyborÃ³w samorzÄ…dowych! #WspÃ³lnieTworzymyPrzyszÅ‚oÅ›Ä‡Krakowa https://t.co/YvBPH9HgXZ
2018-11-01 05:06:55,RT @majchrowski2018: PamiÄ™tajmy - 4 listopada II tura wyborÃ³w samorzÄ…dowych! #WspÃ³lnieTworzymyPrzyszÅ‚oÅ›Ä‡Krakowa https://t.co/YvBPH9HgXZ
2018-11-01 01:26:35,RT @majchrowski2018: PamiÄ™tajmy - 4 listopada II tura wyborÃ³w samorzÄ…dowych! #WspÃ³lnieTworzymyPrzyszÅ‚oÅ›Ä‡Krakowa https://t.co/YvBPH9HgXZ
2018-11-01 01:24:00,RT @majchrowski2018: PamiÄ™tajmy - 4 listopada II tura wyborÃ³w samorzÄ…dowych! #WspÃ³lnieTworzymyPrzyszÅ‚oÅ›Ä‡Krakowa https://t.co/YvBPH9HgXZ
2018-11-01 01:21:36,RT @majchrowski2018: PamiÄ™tajmy - 4 listopada II tura wyborÃ³w samorzÄ…dowych! #WspÃ³lnieTworzymyPrzyszÅ‚oÅ›Ä‡Krakowa https://t.co/YvBPH9HgXZ
2018-10-31 22:02:53,RT @majchrowski2018: PamiÄ™tajmy - 4 listopada II tura wyborÃ³w samorzÄ…dowych! #WspÃ³lnieTworzymyPrzyszÅ‚oÅ›Ä‡Krakowa https://t.co/YvBPH9HgXZ
2018-10-31 21:42:02,RT @majchrowski2018: PamiÄ™tajmy - 4 listopada II tura wyborÃ³w samorzÄ…dowych! #WspÃ³lnieTworzymyPrzyszÅ‚oÅ›Ä‡Krakowa https://t.co/YvBPH9HgXZ
2018-10-31 21:23:15,RT @majchrowski2018: PamiÄ™tajmy - 4 listopada II tura wyborÃ³w samorzÄ…dowych! #WspÃ³lnieTworzymyPrzyszÅ‚oÅ›Ä‡Krakowa https://t.co/YvBPH9HgXZ
2018-10-31 21:20:20,RT @majchrowski2018: PamiÄ™tajmy - 4 listopada II tura wyborÃ³w samorzÄ…dowych! #WspÃ³lnieTworzymyPrzyszÅ‚oÅ›Ä‡Krakowa https://t.co/YvBPH9HgXZ
2018-10-31 19:12:40,RT @majchrowski2018: PamiÄ™tajmy - 4 listopada II tura wyborÃ³w samorzÄ…dowych! #WspÃ³lnieTworzymyPrzyszÅ‚oÅ›Ä‡Krakowa https://t.co/YvBPH9HgXZ
2018-10-31 19:10:18,RT @majchrowski2018: PamiÄ™tajmy - 4 listopada II tura wyborÃ³w samorzÄ…dowych! #WspÃ³lnieTworzymyPrzyszÅ‚oÅ›Ä‡Krakowa https://t.co/YvBPH9HgXZ
2018-10-31 19:00:27,RT @majchrowski2018: PamiÄ™tajmy - 4 listopada II tura wyborÃ³w samorzÄ…dowych! #WspÃ³lnieTworzymyPrzyszÅ‚oÅ›Ä‡Krakowa https://t.co/YvBPH9HgXZ
2018-10-31 15:43:49,RT @majchrowski2018: PamiÄ™tajmy - 4 listopada II tura wyborÃ³w samorzÄ…dowych! #WspÃ³lnieTworzymyPrzyszÅ‚oÅ›Ä‡Krakowa https://t.co/YvBPH9HgXZ
2018-10-31 15:28:35,PamiÄ™tajmy - 4 listopada II tura wyborÃ³w samorzÄ…dowych! #WspÃ³lnieTworzymyPrzyszÅ‚oÅ›Ä‡Krakowa https://t.co/YvBPH9HgXZ
